id,title,tier,milestone,depends_on,status,evidence,notes,v1_portion_status,v1_portion_evidence,extension_status,extension_evidence,source_line
"SYS-01","Host the web application and server functions on Vercel.","v1","M0","","Not started","docs/qa/2026-10-02-M0-01-environments.md","Protected preview server health endpoint observed at 11a1299; auth callbacks/deep links pending.","","","","","234"
"SYS-02","Store durable account, profile, trip, chat, itinerary, tour, and monitoring data in Neon PostgreSQL.","v1","M0","","Not started","","","","","","","235"
"SYS-03","Support Google OAuth and email/password sign-in for the same account.","v1","M0","","Not started","","","","","","","236"
"SYS-04","Use Google Maps for geocoding, road directions, place lookup, photorealistic 3D rendering, and flat 2D road/satellite maps.","v1","M0","","Not started","","","","","","","237"
"SYS-05","Use a server-side Google Gemini service for AI conversation and structured planning actions.","v1","M0","","Not started","","","","","","","238"
"SYS-06","Treat external route, price, accommodation, marine, and weather information according to its provenance.","v1","M0","","Not started","","","","","","","239"
"SYS-07","All persistent mutations have account authorization, input validation, revision control, and a durable success acknowledgment.","v1","M2","","Not started","","","","","","","240"
"SYS-08","Desktop, tablet, and mobile are first-class.","v1","M8","","Not started","","","","","","","241"
"SYS-09","Keep the rebuild in GitHub with protected review and a reproducible Vercel preview for each proposed release.","v1","M0","","Not started","docs/qa/2026-10-03-M0-01-rollback.md","Draft PR, CI, and protected revisioned preview observed; disposable baseline rollback passed without changing production. Preview application/database migration remains unverified.","","","","","242"
"SYS-10","Automated checks cover account/trip isolation, profile and chat updates, precise GPS routing, multimodal totals, calendar filters, time anchor…","v1","M8","","Not started","","","","","","","243"
"UI-01","Use a dark travel aesthetic: near-black page backgrounds; charcoal and deep navy cards; warm amber/yellow emphasis for primary calls to action…","v1","M1","","Not started","","","","","","","253"
"UI-02","Use Fraunces for display headings, Manrope for controls/body copy, and Inconsolata for coordinates and diagnostics.","v1","M1","","Not started","","","","","","","254"
"UI-03","The intake hero uses a full-bleed photographic mountain-and-campsite scene with warm dusk grading and a dark overlay so foreground text stays …","v1","M1","","Not started","","","","","","","255"
"UI-04","Show Groundbnb branding with a compact travel/campsite mark; global navigation exposes Planner and Profile, with My Trips through account/trip…","v1","M1","","Not started","","","","","","","256"
"UI-05","Every mutation shows saving, saved, failed, or retry state.","v1","M1","","Not started","","","","","","","257"
"UI-06","Use a consistent spacing scale of 4, 8, 12, 16, 24, and 32 CSS pixels.","v1","M1","","Not started","","","","","","","258"
"UI-07","At desktop width 1280 pixels, the planner opens with approximately 28% chat, 40% map, and 32% right panel; each sidebar has a usable minimum w…","v1","M1","","Not started","","","","","","","259"
"UI-08","Buttons show hover, pressed, disabled, busy, and focus states.","v1","M1","","Not started","","","","","","","260"
"NAV-01","Home/intake","v1","M1","","Not started","","","","","","","268"
"NAV-02","Sign in/sign up","v1","M1","","Not started","","","","","","","269"
"NAV-03","Password recovery","v1","M1","","Not started","","","","","","","270"
"NAV-04","Profile","v1","M1","","Not started","","","","","","","271"
"NAV-05","My Trips","v1","M1","","Not started","","","","","","","272"
"NAV-06","Planner","v1","M1","","Not started","","","","","","","273"
"NAV-07","Trails/explore","v1.1","M9","","Not started","","","","","","","274"
"NAV-08","Missing/invalid page","v1","M1","","Not started","","","","","","","275"
"IN-01","Trip Basics collects optional home address, explicit “Always begin and end routes here” switch, start location, destination, trip length (3, 7…","v1","M1","","Not started","","","","","","","283"
"IN-02","Travel mode cards initially highlight RV, Van/Class B, Car/SUV, On Foot/Transit, Hike/Backpack, Plane/Flight, Train/Rail, and Rental Car.","v1","M1","","Not started","","","","","","","284"
"IN-03","Preferences initially shows budget level (Free/Minimal Cost, Budget, Moderate, Comfort, Luxury), core overnight choices (Campgrounds, RV Parks…","v1","M1","","Not started","","","","","","","285"
"IN-04","Extended overnight options include national/state parks, private land, marinas, hostels, community shelters, urban camping, tent/RV/van/boondo…","v1","M1","","Not started","","","","","","","286"
"IN-05","Advanced filters include accessibility/mobility, hookups, climate, terrain, toll/highway/mountain avoidance, preferred transport, domestic/int…","v1","M1","","Not started","","","","","","","287"
"IN-06","Support questions include same-day overnight, food access, facilities, walkable/transit access, and community support.","v1","M1","","Not started","","","","","","","288"
"IN-07","Advanced + Pro exposes Pro Planner settings described in Sections 7 and 9.","v1.1","M9","","Not started","","","","","","","289"
"IN-08","A Review Profile action shows readable prose and category cards, identifies missing optional information, and offers Edit, Save, Open Planner,…","v1","M1","","Not started","","","","","","","290"
"ACC-01","The profile’s identity rail shows avatar, display name, email, completion percentage, and category progress for traveler, vehicle, and prefere…","v1","M1","","Not started","","","","","","","296"
"ACC-02","The account-wide profile contains travel party, regions, pets, comfort, styles, stays, activities, accessibility, food needs, home anchor, tra…","v1","M1","","Not started","","","","","","","297"
"ACC-03","Include an Edit profile action back to intake, Sign-in methods cards for email/password and Google, and safe link/unlink controls.","v1","M1","","Not started","","","","","","","298"
"ACC-04","Profile notes are a concise resolved summary with selected meaningful user quotes attached to the relevant notes.","v1","M1","","Not started","","","","","","","299"
"ACC-05","Download a detailed profile PDF with headings, readable prose, selected quotes, annual calendar summary, and correct page breaks.","v1","M1","","Not started","","","","","","","300"
"ACC-06","Account switching clears visible and cached profile, trips, itineraries, chat, map markers, tours, and provider query caches before loading th…","v1","M1","","Not started","","","","","","","301"
"ACC-07","Intake, Profile, Planner, and AI edits share one account-profile truth.","v1","M1","","Not started","","","","","","","302"
"TRP-01","New trip creates a blank trip-specific route, dates, destinations, chat, tour, and map state while retaining account preferences and vehicles.","v1","M2","","Not started","","","","","","","303"
"TRP-02","Autosave trip changes with a visible sync indicator.","v1","M2","","Not started","","","","","","","304"
"TRP-03","Order My Trips by recent activity.","v1","M2","","Not started","","","","","","","305"
"TRP-04","“Clean Sweep” archives the current trip’s chat and route snapshot, creates a new trip conversation, and retains only account-wide preferences …","v1","M2","","Not started","","","","","","","306"
"TRP-05","One individual account owns multiple independent trips, including trips with identical or overlapping dates.","v1","M2","","Not started","","","","","","","307"
"CHAT-01","The left panel header reads “Travel Agent,” links to Planner/Profile, and has Clean Sweep, Undo, and Redo controls.","v1","M4","","Not started","","","","","","","315"
"CHAT-02","Show visible progress stages such as “Preparing your reply…,” “Planning your trip…,” and “Updating your route…,” plus a timeout/retry state an…","v1","M4","","Not started","","","","","","","316"
"CHAT-03","A single trip-scoped conversation spans intake and planner, with retrievable history.","v1","M4","","Not started","","","","","","","317"
"CHAT-04","Classify intent as information/proposal, profile edit, trip edit, or explicit plot/save command.","v1","M4","","Not started","","","","","","","318"
"CHAT-05","Parse multiple preferences in one message, including vehicle, MPG, pets, activities, dietary needs, budget, route style, and constraints.","v1","M4","","Not started","","","","","","","319"
"CHAT-06","Chat can create a trip; insert, remove, rename, or reorder stops; change stay length, time anchors, modes, and dates; and refine one calendar …","v1","M4","","Not started","","","","","","","320"
"CHAT-07","A success reply identifies what actually changed, the affected stop/segment, and saved state.","v1","M4","","Not started","","","","","","","321"
"CHAT-08","Intake instructions gather a profile without demanding a destination; planner instructions produce grounded trip actions.","v1","M4","","Not started","","","","","","","322"
"CHAT-09","“New chat topic” starts a fresh conversational thread inside the active trip while retaining resolved profile notes and the saved itinerary.","v1","M4","","Not started","","","","","","","323"
"MAP-01","The center uses an interactive photorealistic 3D map with stop-number markers, leg geometry, walking connectors, selectable items, pan/zoom/ti…","v1","M3","","Not started","","","","","","","329"
"MAP-02","A map-center “Add This Place” action captures exact GPS latitude/longitude.","v1","M3","","Not started","","","","","","","330"
"MAP-03","Map labels toggle full stop names versus number-only markers; Dim Map reduces visual brightness without changing route colors.","v1","M3","","Not started","","","","","","","331"
"MAP-04","Route animation repeatedly traverses all legs and modes, with a labeled speed slider.","v1","M3","","Not started","","","","","","","332"
"PLAN-01","The right panel has three tabs: Itinerary, Summary, Tour.","v1","M2","","Not started","","","","","","","333"
"PLAN-02","Populated Itinerary displays a route-animation speed row; annual/segment focus; custom From/To range, View range, Full year, and Activity days…","v1","M2","","Not started","","","","","","","334"
"PLAN-03","Stop cards show ordinal role (origin, intermediate, destination), editable name, geographic address or precise coordinate, arrival/departure, …","v1","M2","","Not started","","","","","","","335"
"PLAN-04","A persistent action group offers Add Place, View Route, Optimize, Import, Export, and Clear route.","v1","M2","","Not started","","","","","","","336"
"PLAN-05","Summary offers annual/season/month/week/day grouping and drill-down cards with hidden-child counts; time range and active-day controls; totals…","v1","M2","","Not started","","","","","","","337"
"PLAN-06","Tour offers Add View, Import, Export, Clear, Add from Itinerary (Stops/Legs), camera elevation/angle/direction and presets, Play/Next/Stop, Lo…","v1","M2","","Not started","","","","","","","338"
"PLAN-07","The route card stack uses dark rounded cards with a narrow colored route accent.","v1","M2","","Not started","","","","","","","339"
"MOB-01","On narrow screens, the map is the primary canvas; chat and planner are accessible through labeled tabs/drawers.","v1","M1","","Not started","","","","","","","345"
"MOB-02","At short landscape heights, keep the chat field, Send, panel tabs, and itinerary handle above the browser’s obstructed region; allow internal …","v1","M1","","Not started","","","","","","","346"
"MOB-03","Popups, imports, and Add Place dialogs restore chat focus when closed; ordinary typing, including spaces, works in notes and home address fields.","v1","M1","","Not started","","","","","","","347"
"ROUTE-01","Accept ordered natural-language places, named points of interest, street addresses, latitude/longitude, and plus codes.","v1","M3","","Not started","","","","","","","355"
"ROUTE-02","Keep a stable identity for each stop and leg.","v1","M3","","Not started","","","","","","","356"
"ROUTE-03","Store a precise GPS destination and any nearby road-access point separately.","v1","M3","","Not started","","","","","","","357"
"ROUTE-04","For a remote GPS stop, create a visibly separate walking access leg between road and precise point, in the correct card order.","v1","M3","","Not started","","","","","","","358"
"ROUTE-05","If road and precise points are within 20 meters, retain the access metadata but omit the negligible connector/card.","v1","M3","","Not started","","","","","","","359"
"ROUTE-06","Allow a route composed wholly of off-road walking/trail points.","v1","M3","","Not started","","","","","","","360"
"ROUTE-07","Each leg’s mode is independent.","v1","M3","","Not started","","","","","","","361"
"ROUTE-08","Return and round trips explicitly include the return leg and its time/cost.","v1","M3","","Not started","","","","","","","362"
"ROUTE-09","Optimize a route using fixed start, fixed end, and the traveler’s selected priority: fastest or shortest.","v1","M3","","Not started","","","","","","","363"
"ROUTE-10","Find route-relevant campgrounds, RV parks, public-land stays, hotels, Airbnb alternatives, activities, and support services using budget, pets…","v1.1","M9","","Not started","","","","","","","364"
"ROUTE-11","Support more than 24 stops, multi-week and full-year planning, and phased/chunked calculation with progress.","v1","M3","","Not started","","","","","","","365"
"ROUTE-12","Keep a valid saved route visible while a new geocoding/directions request runs.","v1","M3","","Not started","","","","","","","366"
"MODE-01","One trip may combine driving to a marina, boating, kayaking, returning to a parked vehicle, and resuming by road.","v1","M3","","Not started","","","","","","","372"
"MODE-02","Support port-to-port cruising, marina-to-marina routing, inland waterways, lake kayaking loops, and paddle stops.","v1","M3","","Not started","","","","","","","373"
"MODE-03","Keep proposed water geometry on water where shoreline and island data permit.","v1","M3","","Not started","","","","","","","374"
"MODE-04","A vehicle ferry has its own duration, fare, boarding/unloading, and vehicle movement.","v1","M3","","Not started","","","","","","","375"
"MODE-05","Flight, train, bus, transit, cable car, hiking, snowshoeing, biking, and vehicle shipping have distinct modes, inputs, labels, costs, and dura…","v1","M3","","Not started","","","","","","","376"
"MODE-06","Suggest coastal ports, marinas, anchorages, fallback ports, weather/tide checks, and current-condition checks as separate categories.","v1.1","M9","","Not started","","","","","","","377"
"CAL-01","The profile owns an annual master calendar.","v1","M5","","Not started","","","","","","","385"
"CAL-02","Support mixed seasonal plans, such as winter RV stays, spring/fall van travel, summer boating, and day trips under a season.","v1","M5","","Not started","","","","","","","386"
"CAL-03","Provide Full year, Season, Month, Week, Day, Trip, and Custom range views.","v1","M5","","Not started","","","","","","","387"
"CAL-04","Search stops; collapse/expand phases and regions; show a bounded number of detailed cards at once with accessible “show more.” Retain all stop…","v1","M5","","Not started","","","","","","","388"
"CAL-05","Candidate lodging, route options, and dates are proposals.","v1","M5","","Not started","","","","","","","389"
"CAL-06","Detect conflicting confirmed commitments, incompatible time anchors, unavailable vehicle locations, and profile constraints.","v1","M5","","Not started","","","","","","","390"
"TIME-01","Routes may remain undated.","v1","M5","","Not started","","","","","","","396"
"TIME-02","Allow arrival or departure anchors at multiple stops.","v1","M5","","Not started","","","","","","","397"
"TIME-03","Display each stop in its destination’s local time zone, including daylight-saving changes, overnight legs, and cross-zone travel.","v1","M5","","Not started","","","","","","","398"
"TIME-04","A stop’s stay accepts minutes, hours, or days.","v1","M5","","Not started","","","","","","","399"
"TIME-05","Total distance/time is the sum of included legs; trip elapsed duration includes stops, transfers, and waits.","v1","M5","","Not started","","","","","","","400"
"TIME-06","Distinguish known, provisional, and unknown components.","v1","M5","","Not started","","","","","","","401"
"TIME-07","Travelers can enter vehicle-specific MPG and fuel price.","v1","M5","","Not started","","","","","","","402"
"TIME-08","Show realistic daily driving limits and overnight recommendations.","v1","M5","","Not started","","","","","","","403"
"TOUR-01","A tour is an ordered list of saved views, each tied to a stop, leg, or custom camera position with a readable name and stable reference.","v1","M6","","Not started","","","","","","","411"
"TOUR-02","Stop-camera settings include elevation above terrain in feet (default 1,000), vertical angle 0–90 degrees (default 45), and compass heading 0–…","v1","M6","","Not started","","","","","","","412"
"TOUR-03","Playback moves between views with editable flyover and pause seconds, Next, Stop, and Loop.","v1","M6","","Not started","","","","","","","413"
"TOUR-04","A tour can be generated from an itinerary without replacing the route.","v1","M6","","Not started","","","","","","","414"
"FILE-01","Native JSON preserves trip metadata, stable references, authored coordinates, modes, user timing/cost inputs, calendar hierarchy, decision sum…","v1","M6","","Not started","","","","","","","420"
"FILE-02","“Export…” opens a Save As flow with a descriptive default filename.","v1","M6","","Not started","","","","","","","421"
"FILE-03","Preserve exact GPS waypoints when opening a driving route in Google Maps.","v1","M6","","Not started","","","","","","","422"
"FILE-04","Export dated calendar events to iCal.","v1","M6","","Not started","","","","","","","423"
"FILE-05","Accept pasted text, Markdown, JSON, CSV, and uploaded files for profile or itinerary intake.","v1","M6","","Not started","","","","","","","424"
"FILE-06","Reject malformed, oversized, or unsafe files with a clear reason; preserve existing data; never execute embedded content.","v1","M6","","Not started","","","","","","","425"
"REC-01","Suggest cheaper flights, lodging, newly available campsites, and better-fitting activities over time, with source, checked time, constraints, …","v1.1","M9","","Not started","","","","","","","431"
"REC-02","“Fund the Fun” offers relevant income or volunteer leads near a trip segment.","v1.1","M9","","Not started","","","","","","","432"
"PRO-01","Pro Planner uses watch items for flights, short-term stays, campgrounds, hotels, and rental cars.","v1.1","M9","","Not started","","","","","","","433"
"PRO-02","Watch flexibility rules include airports within 0/25/50 miles, dates within 0/±1/±2 days, stays within 0/5/10 miles, same-quality requirement,…","v1.1","M9","","Not started","","","","","","","434"
"PRO-03","v2 transactional requirement.","v2","v2","","Not started","","","","","","","435"
"PRO-04","v2 transactional requirement.","v2","v2","","Not started","","","","","","","436"
"PRO-05","Show watch history, automated/manual status, source links, alert delivery status, suppressed results and reasons, user-entered price history, …","v1.1","M9","","Not started","","","","","","","437"
"DATA-01","Account","v1","M2","","Not started","","","","","","","447"
"DATA-02","Profile","v1","M2","","Not started","","","","","","","448"
"DATA-03","Trip","v1","M2","","Not started","","","","","","","449"
"DATA-04","Stop","v1","M2","","Not started","","","","","","","450"
"DATA-05","Leg","v1","M2","","Not started","","","","","","","451"
"DATA-06","Calendar segment","v1","M2","","Not started","","","","","","","452"
"DATA-07","Chat record","v1","M2","","Not started","","","","","","","453"
"DATA-08","Tour view","v1","M2","","Not started","","","","","","","454"
"DATA-09","Proposal/reservation","v1","M2","","Not started","","","","","","","455"
"DATA-10","Pro watch","v1.1","M9","","Not started","","","","","","","456"
"OP-01","Register/sign in/link provider","v1","M2","","Not started","","","","","","","462"
"OP-02","Read/update profile","v1","M2","","Not started","","","","","","","463"
"OP-03","Create/list/activate/update/archive trip","v1","M2","","Not started","","","","","","","464"
"OP-04","Apply itinerary action","v1","M2","","Not started","","","","","","","465"
"OP-05","Send AI message","v1","M2","","Not started","","","","","","","466"
"OP-06","Import/preview/commit","v1","M2","","Not started","","","","","","","467"
"OP-07","Export","v1","M2","","Not started","","","","","","","468"
"OP-08","Start/stop watch","v1.1","M9","","Not started","","","","","","","469"
"RULE-01","Store latitude in −90…90 and longitude in −180…180; reject non-finite values.","v1","M2","","Not started","","","","","","","475"
"RULE-02","Dates use an unambiguous calendar date; scheduled instants retain time zone.","v1","M2","","Not started","","","","","","","476"
"RULE-03","A route may have zero or one stop.","v1","M2","","Not started","","","","","","","477"
"RULE-04","Never collapse unknown into zero.","v1","M2","","Not started","","","","","","","478"
"RULE-05","Separate account-wide data from trip-wide data and selected-segment state.","v1","M2","","Not started","","","","","","","479"
"RULE-06","Retryable errors preserve forms, unsent chat drafts, uploaded previews, and the last confirmed itinerary.","v1","M2","","Not started","","","","","","","480"
"RULE-07","Confirmed calendar changes require an explicit, reviewable action.","v1","M2","","Not started","","","","","","","481"
"RULE-08","Authentication includes email verification, password reset, explicit logout/session revocation, secure password hashing, and account linking.","v1","M2","","Not started","","","","","","","482"
"RULE-09","AI and geocoding inputs are bounded and validated.","v1","M2","","Not started","","","","","","","483"
"RULE-10","Autosave is debounced for text edits but gives immediate pending state; navigation and account switch await or safely cancel pending writes.","v1","M2","","Not started","","","","","","","484"
"RULE-11","In low-signal mode, previously loaded profile/trip views, PDF generation, copy actions, and unsent drafts remain usable in an already authenti…","v1","M2","","Not started","","","","","","","485"
"RULE-12","Enforce the provenance and permitted-use contract in Section 11.22 for every stored/exported coordinate, address, route component, and measure…","v1","M0","","Not started","docs/qa/2026-10-02-M0-01-environments.md","Policy review and pure portability guard added; all storage/export surfaces and API-specific rights still pending.","","","","","486"
"OPT-01","Travel season and party","v1","M1","","Not started","","","","","","","494"
"OPT-02","Budget and comfort","v1","M1","","Not started","","","","","","","495"
"OPT-03","Activities and pets","v1","M1","","Not started","","","","","","","496"
"OPT-04","Advanced route and comfort","v1","M1","","Not started","","","","","","","497"
"OPT-05","Advanced travel constraints","v1","M1","","Not started","","","","","","","498"
"OPT-06","Income and volunteering","v1.1","M9","","Not started","","","","","","","499"
"OPT-07","Pro watches","v1.1","M9","","Not started","","","","","","","500"
"OPT-08","Profile review and transfer","v1→v1.1","M1","","Not started","","","Not started","","Not started","","501"
"OPT-09","Map context menu","v1","M1","","Not started","","","","","","","502"
"OPT-10","Export menu","v1","M1","","Not started","","","","","","","503"
"FLOW-01","Create an email account, verify it, fill home/vehicle/pet preferences, review profile, download PDF, link Google, sign out, and return through…","v1","M8","","Not started","","","","","","","511"
"FLOW-02","Start Trip A, create a route, rename/reorder a precise GPS stop, add a walking connector and ferry leg, set two time anchors, save, then start…","v1","M8","","Not started","","","","","","","512"
"FLOW-03","Switch from account A to B while A’s planner is open; open B’s active trip; switch back.","v1","M8","","Not started","","","","","","","513"
"FLOW-04","Ask the agent for options, then explicitly add one option, correct a preference, and ask a follow-up using a renamed stop.","v1","M8","","Not started","","","","","","","514"
"FLOW-05","Build a 40-stop annual plan with winter RV, spring van, summer boating, and a daily kayak loop; filter a week and refine one segment.","v1","M8","","Not started","","","","","","","515"
"FLOW-06","Import a synthetic export-permitted native trip, edit a leg, export supported formats, and reimport native JSON.","v1","M8","","Not started","","","","","","","516"
"FLOW-07","Simulate failed geocoding, AI timeout, route-provider outage, stale revision, and invalid import.","v1","M8","","Not started","","","","","","","517"
"FLOW-08","Configure one automated watch where a permitted test provider exists and one Manual watch from a source link; inspect a cheaper lodging result…","v1.1","M9","","Not started","","","","","","","518"
"FLOW-09","Complete intake, planner chat, itinerary editing, map tour, and trip resume at desktop, portrait mobile, and short landscape mobile.","v1","M8","","Not started","","","","","","","519"
"FLOW-10","Owner appoints an admin; admin finds a failed prompt and an AI edit later undone, reviews the cases, and exports the selected records.","v1","M8","","Not started","","","","","","","520"
"FLOW-11","Generate chat, mapping, retry, failed-call, and synthetic future-task usage events for two users; inspect every time scale and filter by user/…","v1","M8","","Not started","","","","","","","521"
"FLOW-12","Use a scoped external MCP client to create, read, edit, export, and undo a trip with no planner UI open; then open the UI and revoke the crede…","v1.1","M9","","Not started","","","","","","","522"
"FLOW-13","Switch 3D → 2D Map → 2D Satellite, drag a road stop, drag an exact land point and water point, undo, reload, and return to 3D.","v1","M8","","Not started","","","","","","","523"
"ADM-01","Server-enforced roles are user, admin, and owner.","v1","M7","","Not started","","","","","","","828"
"ADM-02","Users lists account ID, display name, verified email, role, status, creation/last-active time, period usage, and estimated provider cost.","v1","M7","","Not started","","","","","","","829"
"ADM-03","Log every submitted prompt that results in a system/provider/validation failure or whose committed action is later undone by the user.","v1","M7","","Not started","","","","","","","830"
"ADM-04","Diagnostics filters include date range, user, task type, interface channel, outcome, error category, provider/model, application version, and …","v1","M7","","Not started","","","","","","","831"
"ADM-05","Review workflow supports New/In review/Resolved/Ignored, assignee, severity, tags, and internal notes.","v1","M7","","Not started","","","","","","","832"
"ADM-06","Audit role changes, suspension/reactivation, session/credential revocation, diagnostic detail access, exports, and review changes with actor, …","v1","M7","","Not started","","","","","","","833"
"USG-01","Capture server-side usage for every provider attempt, including successful, failed, canceled, retried, streamed, and background calls.","v1","M7","","Not started","","","","","","","849"
"USG-02","Usage offers Hourly, Daily, Weekly, Monthly buckets, custom From/To range, reporting time zone, and filters for user, task, provider/model, ch…","v1","M7","","Not started","","","","","","","850"
"USG-03","Show input, output, cached input, reasoning tokens where reported, provider-reported total, requests, errors, user-undone requests, unique act…","v1","M7","","Not started","","","","","","","851"
"USG-04","Task types are ai_chat, profile_assistance, itinerary_planning, mapping, recommendations, imports, monitoring, rebooking, video_export, and sy…","v1","M7","","Not started","","","","","","","852"
"USG-05","Record non-token services in their own units: map loads, geocoding/directions/place requests, notification sends, and other provider-metered u…","v1","M7","","Not started","","","","","","","853"
"USG-06","Cost estimates use versioned provider/model/SKU rate records, currency, effective interval, and provenance.","v1","M7","","Not started","","","","","","","854"
"MCP-01","Support authenticated tool discovery and calls without a browser UI session.","v1.1","M9","","Not started","","","","","","","874"
"MCP-02","Expose profile get/update, trip list/get/create/update/archive, itinerary edit/reposition, calendar read/propose/apply, AI chat, import previe…","v1.1","M9","","Not started","","","","","","","875"
"MCP-03","Scopes are profile:read/write, trips:read/write, calendar:read/write, chat:invoke, files:read/write, and monitors:read/write.","v1.1","M9","","Not started","","","","","","","876"
"MCP-04","Every write uses explicit entity IDs, operation ID, expected revisions, and typed validated changes.","v1.1","M9","","Not started","","","","","","","877"
"MCP-05","Structured calls to deterministic operations do not invoke AI unnecessarily.","v1.1","M9","","Not started","","","","","","","878"
"MCP-06","MCP cannot grant payment authority or active auto-rebooking enrollment.","v2","v2","","Not started","","","","","","","879"
"MAP-05","Provide a persistent map-mode control labeled 3D, 2D Map, and 2D Satellite.","v1","M3","","Not started","","","","","","","889"
"MAP-06","Preserve geographic center, approximate visible extent, selected stop, filters, and route colors when switching.","v1","M3","","Not started","","","","","","","890"
"MAP-07","Stop dragging must work in 2D Map and 2D Satellite.","v1","M3","","Not started","","","","","","","891"
"MAP-08","Retain itinerary, chat, summary, connectors, dimming, stop labels, mode controls, and route animation in 2D.","v1","M3","","Not started","","","","","","","892"
"ROUTE-13","Give every stop an explicit positioning policy: Snap to road (road_snap) or Exact GPS (exact_gps).","v1","M3","","Not started","","","","","","","893"
"ROUTE-14","Drag a road_snap stop to a qualifying drivable road/address access point within 50 meters of the dropped coordinate and snap to that point.","v1","M3","","Not started","","","","","","","894"
"ROUTE-15","Repositioning changes the existing stop's coordinates, not its identity or route order.","v1","M3","","Not started","","","","","","","895"
"ROUTE-16","Provide desktop mouse drag, touch move mode, and a keyboard-accessible Edit coordinates alternative.","v1","M3","","Not started","","","","","","","896"
"MEM-01","Seed configurable plan records for Free, Plus, and Pro with stable IDs and versioned entitlement/limit definitions.","v1","M1","","Not started","","","","","","","920"
"MEM-02","Support “Complimentary lifetime access” as an audited non-expiring grant to a specified plan version, defaulting to Pro, with no payment oblig…","v1","M1","","Not started","","","","","","","921"
"MEM-03","Authorized plan managers can create draft plans or versions, adjust limits and included existing capabilities, preview affected accounts, publ…","v1.1","M9","","Not started","","","","","","","922"
"MEM-04","Plan versions are immutable once published.","v1.1","M9","","Not started","","","","","","","923"
"MEM-05","Implement central server-side entitlement evaluation and configurable quota records shared by UI, MCP, and workers.","v1","M1","","Not started","","","","","","","924"
"MEM-06","Implement the membership matrix using stable server-evaluated feature keys.","v1→v1.1","M1","","Not started","","","Not started","","Not started","","925"
"MEM-07","Count saved trips per account atomically: Free 1, Plus 10, Pro no product-level numerical limit.","v1","M1","","Not started","","","","","","","926"
"MEM-08","Monitoring allowance is one completed account-wide check per calendar month on Free, per ISO week on Plus, and per day on Pro.","v1→v1.1","M1","","Not started","","","Not started","","Not started","","927"
"MEM-09","AI exists on every plan.","v1→v1.1","M1","","Not started","","","Not started","","Not started","","928"
"MEM-10","Warn before exhaustion, allow the bounded grace below, then pause new cost-incurring operations.","v1","M1","","Not started","","","","","","","929"
"MEM-11","/admin/plans exposes feature switches, trip caps, monitoring quotas, AI budgets/request limits, reset rules, grace, warning thresholds, operat…","v1.1","M9","","Not started","","","","","","","930"
"MEM-12","Every administrator can grant trials, promotional access, additional usage, grandfathered plan versions, and permanent complimentary access.","v1.1","M9","","Not started","","","","","","","999"
"MEM-13","Promotional access can be redeemed from a campaign code/link distributed through advertisements.","v2","v2","","Not started","","","","","","","1000"
"MEM-14","Keep base account-plan assignments intact beneath grants.","v1.1","M9","","Not started","","","","","","","1001"
"ADM-07","Seed weldayenterprises@gmail.com, welday007@gmail.com, and finallyaiagency@gmail.com as administrative identities after trusted verification.","v1","M7","","Not started","","","","","","","1002"
"ADM-08","v1: downloadable redacted diagnostic bundles contain request/action IDs, necessary state/diff, model/policy versions, result and invariant, wi…","v1→v1.1","M7","","Not started","","","Not started","","Not started","","1003"
"ADM-09","`/admin/operations` offers per-user and application-wide spending caps and warning thresholds.","v1→v1.1","M7","","Not started","","","Not started","","Not started","","1004"
"REL-01","Offer “Plan my trip” in intake review and the empty planner, prefilled from explicit start/destination or the profile home default.","v1","M1","","Not started","","","","","","","1049"
"REL-02","If endpoints are missing or ambiguous, ask one focused question or offer labeled choices.","v1","M1","","Not started","","","","","","","1050"
"REL-03","Validate and recover from AI errors: correct a malformed action once where safe, clarify genuinely ambiguous input, and offer a bounded fallba…","v1","M1","","Not started","","","","","","","1051"
"REL-04","User errors show what failed, what remains saved, and a concrete next step plus request ID and expandable safe details.","v1","M1","","Not started","","","","","","","1052"
"REL-05","v1: profile PDF is a first-class output on every plan and reflects the latest saved profile/notes.","v1→v1.1","M1","","Not started","","","Not started","","Not started","","1053"
"SCL-01","Launch target: 10–100 registered individuals, 1–3 daily active, up to 5 simultaneous active users, full-year itineraries with 200 stops.","v1","M8","","Not started","","","","","","","1067"
"SCL-02","v2 growth gate.","v2","v2","","Not started","","","","","","","1068"
"SCL-03","On a warm test deployment, non-provider read/write operations have p95 response within 1 second at v1 launch load.","v1→v2","M8","","Not started","","","Not started","","Not started","","1069"
"SCL-04","Maintain 40 versioned v1 scenarios, expanding to at least 100 in v1.1, covering profile context, ambiguity, exact land/water points, mixed mod…","v1→v1.1","M8","","Not started","","","Not started","","Not started","","1070"
"FILE-07","Add Export video to Tour and the export menu for Plus/Pro.","v1.1","M9","","Not started","","","","","","","1080"
"FILE-08","Rendering snapshots the selected trip/tour revision at start.","v1.1","M9","","Not started","","","","","","","1081"
"FILE-09","Render only authored or independently export-permitted points/vectors/original assets.","v1.1","M9","","Not started","","","","","","","1082"
"LEG-01","Provide versioned `/terms` and `/privacy` draft pages.","v1","M8","","Not started","","","","","","","1092"
"LEG-02","Minimum user age is 18, attested at sign-up.","v1","M8","","Not started","","","","","","","1093"
"LEG-03","Self-service deletion requires recent reauthentication and named confirmation, immediately revokes access, and purges active profile/trip/chat…","v1","M8","","Not started","","","","","","","1094"
"LEG-04","Self-service data export produces one JSON file with profile, all native trips, conversation history, and preferences, excluding secrets and o…","v1","M8","","Not started","","","","","","","1095"
"LEG-05","At first AI use disclose the AI provider, that prompts/context needed for the request are sent to it, that failed/undone requests may be retai…","v1","M8","","Not started","","","","","","","1096"
"LEG-06","`/privacy` lists current third-party processors for hosting, database, authentication, email, maps, and AI from one configuration source.","v1","M8","","Not started","","","","","","","1097"
"LEG-07","Home address/coordinates are sensitive wherever copied: stop coordinates, geometry near home, prompt text, diffs, URLs, quotes, and tour targets.","v1","M8","","Not started","","","","","","","1098"
"LEG-08","Verification/reset links expire, are single-use, and are never logged.","v1","M8","","Not started","","","","","","","1099"
"LEG-09","Security baseline includes strict CSP/security headers, CSRF protection where applicable, dependency audit and secret scanning in CI, and an O…","v1","M8","","Not started","docs/qa/2026-10-04-M0-CI-auth.md","Audit blocker removed with scoped lint dependency replacement and compatibility test; high-severity gate unchanged. Complete security controls and ASVS checklist pending.","","","","","1100"
"LEG-10","`/privacy` states data-retention and backup/recovery behavior.","v1","M8","","Not started","docs/changes/A-001-recovery-window.json; docs/decisions/D-004.json; docs/integrations.md","Approved A-001 sets effective Section 11.16 launch history to at least 6 hours. Free setting observed; actual capped horizon, privacy page, four-hour recovery target, and LEG-12 replay drill remain unverified.","","","","","1101"
"LEG-11","Accessibility target is WCAG 2.2 AA.","v1","M8","","Not started","","","","","","","1102"
"SYS-11","Isolate production, previews, local development, and recovery controls as described below.","v1","M0","","Blocked","docs/qa/2026-10-04-M0-CI-auth.md; docs/qa/2026-10-02-M0-01-environments.md","Distinct branches and synthetic fixtures; empty production auth provisioned. Preview auth needs provider CREATE permission; automatic review blocked grant pending Q-004. Credentials, email, and app session isolation remain pending.","","","","","1116"
"SYS-12","Make long route/AI jobs durable, cancellable, revision-safe, and crash-recoverable.","v1","M2A","","Not started","","","","","","","1117"
"SYS-13","Pass the M2A core experience gate before expanding optimization, annual scheduling, and secondary feature surfaces.","v1","M2A","","Not started","","","","","","","1118"
"SYS-14","Keep one frozen source specification and traceable derived task documents with automated ID/tier/dependency checks.","v1","M0","","Verified","docs/qa/2026-10-02-M0-01-environments.md","Source hash/249-ID gate and mutation test passed at 11a1299; GitHub CI 37057007239 and 37057546053 passed for 11a1299 and 290b792.","","","","","1119"
"RULE-13","Data provenance, positioning policy, and display freshness are separate facts.","v1","M0","","Not started","docs/qa/2026-10-02-M0-01-environments.md","Unit guard preserves origin on positioning change and null on expiry; integrated persistence/display pending.","","","","","1120"
"FILE-10","Provide user-controlled profile/trip file transfer on all plans, subject to applicable trip/import limits and operating budgets.","v1","M6","","Not started","","","","","","","1121"
"MEM-15","Distinguish reserved emergency funds from spendable ordinary allowance.","v1→v1.1","M1","","Not started","","","Not started","","Not started","","1122"
"ACC-08","Require a verified second factor for owner/admin access and recent step-up for sensitive administrative actions.","v1","M1","","Not started","","","","","","","1123"
"ACC-09","Permit controlled owner transfer and prevent last-owner deletion/demotion.","v1","M1","","Not started","","","","","","","1124"
"LEG-12","Reapply deletion/revocation controls before restoring service from a backup.","v1","M8","","Not started","docs/qa/2026-10-02-M0-01-environments.md","Separate control-ledger schema/runbook drafted; live replay and restore drill pending M8.","","","","","1125"
"SCL-05","Score AI scenarios against declared expected state changes or justified clarifications, not generic plausibility.","v1→v1.1","M8","","Not started","","","Not started","","Not started","","1126"
"UI-09","Establish a fixed visual baseline for the core screens and compare actual browser renders against it.","v1","M8","","Not started","","","","","","","1127"
